{"cameraMode":{"drawMode":0,"name":"Shaded","section":"Shading Mode"},"sceneLighting":true,"audioPlay":false,"sceneViewState":{"showFog":true,"showMaterialUpdate":false,"showSkybox":true,"showFlares":true,"showImageEffects":true,"showParticleSystems":true,"showVisualEffectGraphs":true,"m_FxEnabled":true},"in2DMode":false,"pivot":{"x":0.09762328118085861,"y":0.44672441482543948,"z":6.8156890869140629},"rotation":{"x":-0.1408412903547287,"y":-0.0008939425460994244,"z":0.0001277573755942285,"w":-0.9900404214859009},"size":13.767572402954102,"orthographic":false}