{"cameraMode":{"drawMode":0,"name":"Shaded","section":"Shading Mode"},"sceneLighting":true,"audioPlay":false,"sceneViewState":{"showFog":true,"showMaterialUpdate":false,"showSkybox":true,"showFlares":true,"showImageEffects":true,"showParticleSystems":true,"showVisualEffectGraphs":true,"m_FxEnabled":true},"in2DMode":false,"pivot":{"x":-8.562521934509278,"y":2.614504814147949,"z":-8.229985237121582},"rotation":{"x":-0.06474502384662628,"y":-0.024848537519574167,"z":0.0016153204487636686,"w":-0.997600793838501},"size":1.1421880722045899,"orthographic":false}