{"cameraMode":{"drawMode":0,"name":"Shaded","section":"Shading Mode"},"sceneLighting":true,"audioPlay":false,"sceneViewState":{"showFog":true,"showMaterialUpdate":false,"showSkybox":true,"showFlares":true,"showImageEffects":true,"showParticleSystems":true,"showVisualEffectGraphs":true,"m_FxEnabled":true},"in2DMode":false,"pivot":{"x":-1.1868277788162232,"y":1.5002670288085938,"z":12.020593643188477},"rotation":{"x":-0.13190878927707673,"y":-0.015763534232974054,"z":0.002098517492413521,"w":-0.9911439418792725},"size":16.67494010925293,"orthographic":false}